_yoast_wpseo_title,Slug
"Отчет по практике в ТулГУ. Заказать от 1 000 рублей",tulgu
"Отчет по практике в МИП в 2022 году. Заказать от 1 000 рублей",mip
"Отчет по практике в Московском университете им. С.Ю. Витте. От 1000",vitte
"Отчет по практике в Росдистанте в 2022 году. Заказать от 1 000 рублей",rosdistant
"Отчет по практике в Синергии для студентов в 2022 году",sinergija
"Отчет по практике в МОИ в 2023 году. Заказать от 1000 рублей",moi
"Отчет по практике в БГУ. Дневник, оформление. Заказать от 1 000 р.",bgu
"Отчет по практике в МАДИ в 2022 году. Заказать от 1 000 рублей",madi
"Отчёт по практике в РанХИГС в 2022 году. Заказать от 1 000 рублей",ranhigs
"Отчёт по практике в МФЮА в 2022 году. Заказать от 1 000 рублей",mfjua
"Отчет по практике в МИИТ. Заказать от 1 000 рублей",miit
"Отчет по практике в РЭУ. Заказать от 1 000 рублей",rjeu
"Отчет по практике в УГНТУ. Заказать от 1 000 рублей",ugntu
"Отчет по практике в УрФУ. Заказать от 1 000 рублей",urfu
"Отчёт по практике в ММУ. Заказать от 1 000 рублей",mmu
"Отчет по практике в РГГУ. Заказать от 1 000 рублей",rggu
"Отчет по практике в РГСУ. Заказать от 1 000 рублей",rgsu
"Отчет по практике в МГППУ. Заказать от 1 000 рублей",mgppu
"Отчет по практике в НИУ МЭИ. Заказать от 1 000 рублей",niu-mjei
"Отчет по практике в МИЭТ. Заказать от 1 000 рублей",mijet
"Отчёт по практике РосНОУ. Заказать от 1000 рублей",rosnou
"Отчет по практике в МТИ для студентов в 2022 году",mti-moskovskij-tehnologicheskij-institut
,mosap
